CREATE TABLE IF NOT EXISTS "Core_historiaclinica" ("antecedentes" varchar(10000) NULL UNIQUE, "epicrisis" varchar(10000) NULL UNIQUE, "diagnostico" varchar(10000) NULL UNIQUE, "tratamientos" varchar(10000) NULL UNIQUE, "recomendaciones" varchar(10000) NULL UNIQUE, "paciente_id" bigint NOT NULL PRIMARY KEY REFERENCES "Users_user" ("id") DEFERRABLE INITIALLY DEFERRED, "Fecha_Registro" datetime NOT NULL);
INSERT INTO "Core_historiaclinica" VALUES('.','.','.','.','.',3,'2023-05-11 23:06:02.383530');
CREATE UNIQUE INDEX "Users_user_groups_user_id_group_id_21477a3e_uniq" ON "Users_user_groups" ("user_id", "group_id");
CREATE INDEX IF NOT EXISTS "Users_user_groups_user_id_e0963e48" ON "Users_user_groups" ("user_id");
CREATE INDEX IF NOT EXISTS "Users_user_groups_group_id_884146f8" ON "Users_user_groups" ("group_id");
CREATE UNIQUE INDEX "Users_user_user_permissions_user_id_permission_id_87c10865_uniq" ON "Users_user_user_permissions" ("user_id", "permission_id");
CREATE INDEX IF NOT EXISTS "Users_user_user_permissions_user_id_ffe2deb0" ON "Users_user_user_permissions" ("user_id");
CREATE INDEX IF NOT EXISTS "Users_user_user_permissions_permission_id_cfe39496" ON "Users_user_user_permissions" ("permission_id");
CREATE UNIQUE INDEX "auth_group_permissions_group_id_permission_id_0cd325b0_uniq" ON "auth_group_permissions" ("group_id", "permission_id");
CREATE INDEX IF NOT EXISTS "auth_group_permissions_group_id_b120cbf9" ON "auth_group_permissions" ("group_id");
CREATE INDEX IF NOT EXISTS "auth_group_permissions_permission_id_84c5c92e" ON "auth_group_permissions" ("permission_id");
CREATE UNIQUE INDEX "auth_permission_content_type_id_codename_01ab375a_uniq" ON "auth_permission" ("content_type_id", "codename");
CREATE INDEX IF NOT EXISTS "auth_permission_content_type_id_2f476e4b" ON "auth_permission" ("content_type_id");
CREATE INDEX IF NOT EXISTS "django_admin_log_content_type_id_c4bce8eb" ON "django_admin_log" ("content_type_id");
CREATE INDEX IF NOT EXISTS "django_admin_log_user_id_c564eba6" ON "django_admin_log" ("user_id");
CREATE UNIQUE INDEX "django_content_type_app_label_model_76bd3d3b_uniq" ON "django_content_type" ("app_label", "model");
CREATE INDEX IF NOT EXISTS "django_session_expire_date_a5c62663" ON "django_session" ("expire_date");
CREATE INDEX IF NOT EXISTS "django_apscheduler_djangojob_next_run_time_2f022619" ON "django_apscheduler_djangojob" ("next_run_time");
CREATE INDEX IF NOT EXISTS "django_apscheduler_djangojobexecution_run_time_16edd96b" ON "django_apscheduler_djangojobexecution" ("run_time");
CREATE INDEX IF NOT EXISTS "django_apscheduler_djangojobexecution_job_id_daf5090a" ON "django_apscheduler_djangojobexecution" ("job_id");
CREATE TABLE IF NOT EXISTS "Users_user" ("id" integer NOT NULL PRIMARY KEY AUTOINCREMENT, "password" varchar(128) NOT NULL, "last_login" datetime NULL, "is_superuser" bool NOT NULL, "username" varchar(150) NOT NULL UNIQUE, "first_name" varchar(150) NOT NULL, "last_name" varchar(150) NOT NULL, "email" varchar(254) NOT NULL, "is_staff" bool NOT NULL, "is_active" bool NOT NULL, "date_joined" datetime NOT NULL, "cedula" varchar(11) NOT NULL, "is_especialista" bool NOT NULL, "picture" varchar(100) NOT NULL);
INSERT INTO "Users_user" VALUES(1,'pbkdf2_sha256$390000$YKmg0BlX9lzmFVNUsesQoz$9x+RAEDD8Xzal0djwePlY9533xHDLTS/iNc8lzvSpv0=','2023-05-14 20:39:44.008807',1,'admin','','','admin@gmail.com',0,1,'2023-05-11 15:33:01.597316','',0,'imagen_base.png');
INSERT INTO "Users_user" VALUES(2,'pbkdf2_sha256$390000$CpElayPxqL6gm40X74m2EU$4ac9qfTy0/0Y4T8mQfbvi+/RfdaJORM23rOugoeWTGg=','2023-05-14 17:41:12.201465',0,'admin1','admin','admin1','admin1@gmail.com',0,1,'2023-05-11 22:57:01.623726','5486253146',1,'imagen_base.png');
INSERT INTO "Users_user" VALUES(3,'pbkdf2_sha256$390000$zPHO9UDyXMGTR52sxSlQzt$CRb01JrV/sdWeFrY/7aoBLJRdEF3+1HvBopOrP7r61I=','2023-05-14 18:06:44.143892',0,'admin2','admin','admin2','admin2@gmail.com',1,1,'2023-05-11 22:57:55.947323','7541562',0,'imagen_base.png');
INSERT INTO "Users_user" VALUES(4,'pbkdf2_sha256$390000$603wiGzb8SZPSLRtBdqanu$0HTGdvMhNx8T2TbiMar65/03rODoIQ/CyN8BlTPbLjo=','2023-05-14 19:07:01.048550',0,'admin4','admin','admin4','crisalexis637@gmail.com',0,1,'2023-05-14 19:06:59.782084','1001092594',0,'imagen_base.png');
INSERT INTO "Users_user" VALUES(5,'pbkdf2_sha256$390000$Em5AV0Q3FLowTHohBq5FEw$SkK5OqjKALIZaSZbbTEYB04BoHCGBBoUcRIOtyq/GcU=','2023-05-14 19:56:40.281860',0,'cesareo','Cesar A.','Rueda C.','rueda_corral@hotmail.com',0,1,'2023-05-14 19:55:00.467514','16798438',0,'imagen_base.png');
CREATE UNIQUE INDEX "Users_user_groups_user_id_group_id_21477a3e_uniq" ON "Users_user_groups" ("user_id", "group_id");
CREATE INDEX IF NOT EXISTS "Users_user_groups_user_id_e0963e48" ON "Users_user_groups" ("user_id");
CREATE INDEX IF NOT EXISTS "Users_user_groups_group_id_884146f8" ON "Users_user_groups" ("group_id");
CREATE UNIQUE INDEX "Users_user_user_permissions_user_id_permission_id_87c10865_uniq" ON "Users_user_user_permissions" ("user_id", "permission_id");
CREATE INDEX IF NOT EXISTS "Users_user_user_permissions_user_id_ffe2deb0" ON "Users_user_user_permissions" ("user_id");
CREATE INDEX IF NOT EXISTS "Users_user_user_permissions_permission_id_cfe39496" ON "Users_user_user_permissions" ("permission_id");
CREATE UNIQUE INDEX "auth_group_permissions_group_id_permission_id_0cd325b0_uniq" ON "auth_group_permissions" ("group_id", "permission_id");
CREATE INDEX IF NOT EXISTS "auth_group_permissions_group_id_b120cbf9" ON "auth_group_permissions" ("group_id");
CREATE INDEX IF NOT EXISTS "auth_group_permissions_permission_id_84c5c92e" ON "auth_group_permissions" ("permission_id");
CREATE UNIQUE INDEX "auth_permission_content_type_id_codename_01ab375a_uniq" ON "auth_permission" ("content_type_id", "codename");
CREATE INDEX IF NOT EXISTS "auth_permission_content_type_id_2f476e4b" ON "auth_permission" ("content_type_id");
CREATE INDEX IF NOT EXISTS "django_admin_log_content_type_id_c4bce8eb" ON "django_admin_log" ("content_type_id");
CREATE INDEX IF NOT EXISTS "django_admin_log_user_id_c564eba6" ON "django_admin_log" ("user_id");
CREATE UNIQUE INDEX "django_content_type_app_label_model_76bd3d3b_uniq" ON "django_content_type" ("app_label", "model");
CREATE INDEX IF NOT EXISTS "django_session_expire_date_a5c62663" ON "django_session" ("expire_date");
CREATE INDEX IF NOT EXISTS "django_apscheduler_djangojob_next_run_time_2f022619" ON "django_apscheduler_djangojob" ("next_run_time");
CREATE INDEX IF NOT EXISTS "django_apscheduler_djangojobexecution_run_time_16edd96b" ON "django_apscheduler_djangojobexecution" ("run_time");
CREATE INDEX IF NOT EXISTS "django_apscheduler_djangojobexecution_job_id_daf5090a" ON "django_apscheduler_djangojobexecution" ("job_id");
CREATE TABLE IF NOT EXISTS "Users_user_groups" ("id" integer NOT NULL PRIMARY KEY AUTOINCREMENT, "user_id" bigint NOT NULL REFERENCES "Users_user" ("id") DEFERRABLE INITIALLY DEFERRED, "group_id" integer NOT NULL REFERENCES "auth_group" ("id") DEFERRABLE INITIALLY DEFERRED);
CREATE UNIQUE INDEX "Users_user_groups_user_id_group_id_21477a3e_uniq" ON "Users_user_groups" ("user_id", "group_id");
CREATE INDEX IF NOT EXISTS "Users_user_groups_user_id_e0963e48" ON "Users_user_groups" ("user_id");
CREATE INDEX IF NOT EXISTS "Users_user_groups_group_id_884146f8" ON "Users_user_groups" ("group_id");
CREATE UNIQUE INDEX "Users_user_user_permissions_user_id_permission_id_87c10865_uniq" ON "Users_user_user_permissions" ("user_id", "permission_id");
CREATE INDEX IF NOT EXISTS "Users_user_user_permissions_user_id_ffe2deb0" ON "Users_user_user_permissions" ("user_id");
CREATE INDEX IF NOT EXISTS "Users_user_user_permissions_permission_id_cfe39496" ON "Users_user_user_permissions" ("permission_id");
CREATE UNIQUE INDEX "auth_group_permissions_group_id_permission_id_0cd325b0_uniq" ON "auth_group_permissions" ("group_id", "permission_id");
CREATE INDEX IF NOT EXISTS "auth_group_permissions_group_id_b120cbf9" ON "auth_group_permissions" ("group_id");
CREATE INDEX IF NOT EXISTS "auth_group_permissions_permission_id_84c5c92e" ON "auth_group_permissions" ("permission_id");
CREATE UNIQUE INDEX "auth_permission_content_type_id_codename_01ab375a_uniq" ON "auth_permission" ("content_type_id", "codename");
CREATE INDEX IF NOT EXISTS "auth_permission_content_type_id_2f476e4b" ON "auth_permission" ("content_type_id");
CREATE INDEX IF NOT EXISTS "django_admin_log_content_type_id_c4bce8eb" ON "django_admin_log" ("content_type_id");
CREATE INDEX IF NOT EXISTS "django_admin_log_user_id_c564eba6" ON "django_admin_log" ("user_id");
CREATE UNIQUE INDEX "django_content_type_app_label_model_76bd3d3b_uniq" ON "django_content_type" ("app_label", "model");
CREATE INDEX IF NOT EXISTS "django_session_expire_date_a5c62663" ON "django_session" ("expire_date");
CREATE INDEX IF NOT EXISTS "django_apscheduler_djangojob_next_run_time_2f022619" ON "django_apscheduler_djangojob" ("next_run_time");
CREATE INDEX IF NOT EXISTS "django_apscheduler_djangojobexecution_run_time_16edd96b" ON "django_apscheduler_djangojobexecution" ("run_time");
CREATE INDEX IF NOT EXISTS "django_apscheduler_djangojobexecution_job_id_daf5090a" ON "django_apscheduler_djangojobexecution" ("job_id");
CREATE TABLE IF NOT EXISTS "Users_user_user_permissions" ("id" integer NOT NULL PRIMARY KEY AUTOINCREMENT, "user_id" bigint NOT NULL REFERENCES "Users_user" ("id") DEFERRABLE INITIALLY DEFERRED, "permission_id" integer NOT NULL REFERENCES "auth_permission" ("id") DEFERRABLE INITIALLY DEFERRED);
CREATE UNIQUE INDEX "Users_user_groups_user_id_group_id_21477a3e_uniq" ON "Users_user_groups" ("user_id", "group_id");
CREATE INDEX IF NOT EXISTS "Users_user_groups_user_id_e0963e48" ON "Users_user_groups" ("user_id");
CREATE INDEX IF NOT EXISTS "Users_user_groups_group_id_884146f8" ON "Users_user_groups" ("group_id");
CREATE UNIQUE INDEX "Users_user_user_permissions_user_id_permission_id_87c10865_uniq" ON "Users_user_user_permissions" ("user_id", "permission_id");
CREATE INDEX IF NOT EXISTS "Users_user_user_permissions_user_id_ffe2deb0" ON "Users_user_user_permissions" ("user_id");
CREATE INDEX IF NOT EXISTS "Users_user_user_permissions_permission_id_cfe39496" ON "Users_user_user_permissions" ("permission_id");
CREATE UNIQUE INDEX "auth_group_permissions_group_id_permission_id_0cd325b0_uniq" ON "auth_group_permissions" ("group_id", "permission_id");
CREATE INDEX IF NOT EXISTS "auth_group_permissions_group_id_b120cbf9" ON "auth_group_permissions" ("group_id");
CREATE INDEX IF NOT EXISTS "auth_group_permissions_permission_id_84c5c92e" ON "auth_group_permissions" ("permission_id");
CREATE UNIQUE INDEX "auth_permission_content_type_id_codename_01ab375a_uniq" ON "auth_permission" ("content_type_id", "codename");
CREATE INDEX IF NOT EXISTS "auth_permission_content_type_id_2f476e4b" ON "auth_permission" ("content_type_id");
CREATE INDEX IF NOT EXISTS "django_admin_log_content_type_id_c4bce8eb" ON "django_admin_log" ("content_type_id");
CREATE INDEX IF NOT EXISTS "django_admin_log_user_id_c564eba6" ON "django_admin_log" ("user_id");
CREATE UNIQUE INDEX "django_content_type_app_label_model_76bd3d3b_uniq" ON "django_content_type" ("app_label", "model");
CREATE INDEX IF NOT EXISTS "django_session_expire_date_a5c62663" ON "django_session" ("expire_date");
CREATE INDEX IF NOT EXISTS "django_apscheduler_djangojob_next_run_time_2f022619" ON "django_apscheduler_djangojob" ("next_run_time");
CREATE INDEX IF NOT EXISTS "django_apscheduler_djangojobexecution_run_time_16edd96b" ON "django_apscheduler_djangojobexecution" ("run_time");
CREATE INDEX IF NOT EXISTS "django_apscheduler_djangojobexecution_job_id_daf5090a" ON "django_apscheduler_djangojobexecution" ("job_id");
CREATE TABLE IF NOT EXISTS "auth_group" ("id" integer NOT NULL PRIMARY KEY AUTOINCREMENT, "name" varchar(150) NOT NULL UNIQUE);
CREATE UNIQUE INDEX "Users_user_groups_user_id_group_id_21477a3e_uniq" ON "Users_user_groups" ("user_id", "group_id");
CREATE INDEX IF NOT EXISTS "Users_user_groups_user_id_e0963e48" ON "Users_user_groups" ("user_id");
CREATE INDEX IF NOT EXISTS "Users_user_groups_group_id_884146f8" ON "Users_user_groups" ("group_id");
CREATE UNIQUE INDEX "Users_user_user_permissions_user_id_permission_id_87c10865_uniq" ON "Users_user_user_permissions" ("user_id", "permission_id");
CREATE INDEX IF NOT EXISTS "Users_user_user_permissions_user_id_ffe2deb0" ON "Users_user_user_permissions" ("user_id");
CREATE INDEX IF NOT EXISTS "Users_user_user_permissions_permission_id_cfe39496" ON "Users_user_user_permissions" ("permission_id");
CREATE UNIQUE INDEX "auth_group_permissions_group_id_permission_id_0cd325b0_uniq" ON "auth_group_permissions" ("group_id", "permission_id");
CREATE INDEX IF NOT EXISTS "auth_group_permissions_group_id_b120cbf9" ON "auth_group_permissions" ("group_id");
CREATE INDEX IF NOT EXISTS "auth_group_permissions_permission_id_84c5c92e" ON "auth_group_permissions" ("permission_id");
CREATE UNIQUE INDEX "auth_permission_content_type_id_codename_01ab375a_uniq" ON "auth_permission" ("content_type_id", "codename");
CREATE INDEX IF NOT EXISTS "auth_permission_content_type_id_2f476e4b" ON "auth_permission" ("content_type_id");
CREATE INDEX IF NOT EXISTS "django_admin_log_content_type_id_c4bce8eb" ON "django_admin_log" ("content_type_id");
CREATE INDEX IF NOT EXISTS "django_admin_log_user_id_c564eba6" ON "django_admin_log" ("user_id");
CREATE UNIQUE INDEX "django_content_type_app_label_model_76bd3d3b_uniq" ON "django_content_type" ("app_label", "model");
CREATE INDEX IF NOT EXISTS "django_session_expire_date_a5c62663" ON "django_session" ("expire_date");
CREATE INDEX IF NOT EXISTS "django_apscheduler_djangojob_next_run_time_2f022619" ON "django_apscheduler_djangojob" ("next_run_time");
CREATE INDEX IF NOT EXISTS "django_apscheduler_djangojobexecution_run_time_16edd96b" ON "django_apscheduler_djangojobexecution" ("run_time");
CREATE INDEX IF NOT EXISTS "django_apscheduler_djangojobexecution_job_id_daf5090a" ON "django_apscheduler_djangojobexecution" ("job_id");
CREATE TABLE IF NOT EXISTS "auth_group_permissions" ("id" integer NOT NULL PRIMARY KEY AUTOINCREMENT, "group_id" integer NOT NULL REFERENCES "auth_group" ("id") DEFERRABLE INITIALLY DEFERRED, "permission_id" integer NOT NULL REFERENCES "auth_permission" ("id") DEFERRABLE INITIALLY DEFERRED);
CREATE UNIQUE INDEX "Users_user_groups_user_id_group_id_21477a3e_uniq" ON "Users_user_groups" ("user_id", "group_id");
CREATE INDEX IF NOT EXISTS "Users_user_groups_user_id_e0963e48" ON "Users_user_groups" ("user_id");
CREATE INDEX IF NOT EXISTS "Users_user_groups_group_id_884146f8" ON "Users_user_groups" ("group_id");
CREATE UNIQUE INDEX "Users_user_user_permissions_user_id_permission_id_87c10865_uniq" ON "Users_user_user_permissions" ("user_id", "permission_id");
CREATE INDEX IF NOT EXISTS "Users_user_user_permissions_user_id_ffe2deb0" ON "Users_user_user_permissions" ("user_id");
CREATE INDEX IF NOT EXISTS "Users_user_user_permissions_permission_id_cfe39496" ON "Users_user_user_permissions" ("permission_id");
CREATE UNIQUE INDEX "auth_group_permissions_group_id_permission_id_0cd325b0_uniq" ON "auth_group_permissions" ("group_id", "permission_id");
CREATE INDEX IF NOT EXISTS "auth_group_permissions_group_id_b120cbf9" ON "auth_group_permissions" ("group_id");
CREATE INDEX IF NOT EXISTS "auth_group_permissions_permission_id_84c5c92e" ON "auth_group_permissions" ("permission_id");
CREATE UNIQUE INDEX "auth_permission_content_type_id_codename_01ab375a_uniq" ON "auth_permission" ("content_type_id", "codename");
CREATE INDEX IF NOT EXISTS "auth_permission_content_type_id_2f476e4b" ON "auth_permission" ("content_type_id");
CREATE INDEX IF NOT EXISTS "django_admin_log_content_type_id_c4bce8eb" ON "django_admin_log" ("content_type_id");
CREATE INDEX IF NOT EXISTS "django_admin_log_user_id_c564eba6" ON "django_admin_log" ("user_id");
CREATE UNIQUE INDEX "django_content_type_app_label_model_76bd3d3b_uniq" ON "django_content_type" ("app_label", "model");
CREATE INDEX IF NOT EXISTS "django_session_expire_date_a5c62663" ON "django_session" ("expire_date");
CREATE INDEX IF NOT EXISTS "django_apscheduler_djangojob_next_run_time_2f022619" ON "django_apscheduler_djangojob" ("next_run_time");
CREATE INDEX IF NOT EXISTS "django_apscheduler_djangojobexecution_run_time_16edd96b" ON "django_apscheduler_djangojobexecution" ("run_time");
CREATE INDEX IF NOT EXISTS "django_apscheduler_djangojobexecution_job_id_daf5090a" ON "django_apscheduler_djangojobexecution" ("job_id");
CREATE TABLE IF NOT EXISTS "auth_permission" ("id" integer NOT NULL PRIMARY KEY AUTOINCREMENT, "content_type_id" integer NOT NULL REFERENCES "django_content_type" ("id") DEFERRABLE INITIALLY DEFERRED, "codename" varchar(100) NOT NULL, "name" varchar(255) NOT NULL);
INSERT INTO "auth_permission" VALUES(1,1,'add_logentry','Can add log entry');
INSERT INTO "auth_permission" VALUES(2,1,'change_logentry','Can change log entry');
INSERT INTO "auth_permission" VALUES(3,1,'delete_logentry','Can delete log entry');
INSERT INTO "auth_permission" VALUES(4,1,'view_logentry','Can view log entry');
INSERT INTO "auth_permission" VALUES(5,2,'add_permission','Can add permission');
INSERT INTO "auth_permission" VALUES(6,2,'change_permission','Can change permission');
INSERT INTO "auth_permission" VALUES(7,2,'delete_permission','Can delete permission');
INSERT INTO "auth_permission" VALUES(8,2,'view_permission','Can view permission');
INSERT INTO "auth_permission" VALUES(9,3,'add_group','Can add group');
INSERT INTO "auth_permission" VALUES(10,3,'change_group','Can change group');
INSERT INTO "auth_permission" VALUES(11,3,'delete_group','Can delete group');
INSERT INTO "auth_permission" VALUES(12,3,'view_group','Can view group');
INSERT INTO "auth_permission" VALUES(13,4,'add_contenttype','Can add content type');
INSERT INTO "auth_permission" VALUES(14,4,'change_contenttype','Can change content type');
INSERT INTO "auth_permission" VALUES(15,4,'delete_contenttype','Can delete content type');
INSERT INTO "auth_permission" VALUES(16,4,'view_contenttype','Can view content type');
INSERT INTO "auth_permission" VALUES(17,5,'add_session','Can add session');
INSERT INTO "auth_permission" VALUES(18,5,'change_session','Can change session');
INSERT INTO "auth_permission" VALUES(19,5,'delete_session','Can delete session');
INSERT INTO "auth_permission" VALUES(20,5,'view_session','Can view session');
INSERT INTO "auth_permission" VALUES(21,6,'add_historiaclinica','Can add historiaclinica');
INSERT INTO "auth_permission" VALUES(22,6,'change_historiaclinica','Can change historiaclinica');
INSERT INTO "auth_permission" VALUES(23,6,'delete_historiaclinica','Can delete historiaclinica');
INSERT INTO "auth_permission" VALUES(24,6,'view_historiaclinica','Can view historiaclinica');
INSERT INTO "auth_permission" VALUES(25,7,'add_user','Can add user');
INSERT INTO "auth_permission" VALUES(26,7,'change_user','Can change user');
INSERT INTO "auth_permission" VALUES(27,7,'delete_user','Can delete user');
INSERT INTO "auth_permission" VALUES(28,7,'view_user','Can view user');
INSERT INTO "auth_permission" VALUES(29,8,'add_djangojob','Can add django job');
INSERT INTO "auth_permission" VALUES(30,8,'change_djangojob','Can change django job');
INSERT INTO "auth_permission" VALUES(31,8,'delete_djangojob','Can delete django job');
INSERT INTO "auth_permission" VALUES(32,8,'view_djangojob','Can view django job');
INSERT INTO "auth_permission" VALUES(33,9,'add_djangojobexecution','Can add django job execution');
INSERT INTO "auth_permission" VALUES(34,9,'change_djangojobexecution','Can change django job execution');
INSERT INTO "auth_permission" VALUES(35,9,'delete_djangojobexecution','Can delete django job execution');
INSERT INTO "auth_permission" VALUES(36,9,'view_djangojobexecution','Can view django job execution');
CREATE UNIQUE INDEX "Users_user_groups_user_id_group_id_21477a3e_uniq" ON "Users_user_groups" ("user_id", "group_id");
CREATE INDEX IF NOT EXISTS "Users_user_groups_user_id_e0963e48" ON "Users_user_groups" ("user_id");
CREATE INDEX IF NOT EXISTS "Users_user_groups_group_id_884146f8" ON "Users_user_groups" ("group_id");
CREATE UNIQUE INDEX "Users_user_user_permissions_user_id_permission_id_87c10865_uniq" ON "Users_user_user_permissions" ("user_id", "permission_id");
CREATE INDEX IF NOT EXISTS "Users_user_user_permissions_user_id_ffe2deb0" ON "Users_user_user_permissions" ("user_id");
CREATE INDEX IF NOT EXISTS "Users_user_user_permissions_permission_id_cfe39496" ON "Users_user_user_permissions" ("permission_id");
CREATE UNIQUE INDEX "auth_group_permissions_group_id_permission_id_0cd325b0_uniq" ON "auth_group_permissions" ("group_id", "permission_id");
CREATE INDEX IF NOT EXISTS "auth_group_permissions_group_id_b120cbf9" ON "auth_group_permissions" ("group_id");
CREATE INDEX IF NOT EXISTS "auth_group_permissions_permission_id_84c5c92e" ON "auth_group_permissions" ("permission_id");
CREATE UNIQUE INDEX "auth_permission_content_type_id_codename_01ab375a_uniq" ON "auth_permission" ("content_type_id", "codename");
CREATE INDEX IF NOT EXISTS "auth_permission_content_type_id_2f476e4b" ON "auth_permission" ("content_type_id");
CREATE INDEX IF NOT EXISTS "django_admin_log_content_type_id_c4bce8eb" ON "django_admin_log" ("content_type_id");
CREATE INDEX IF NOT EXISTS "django_admin_log_user_id_c564eba6" ON "django_admin_log" ("user_id");
CREATE UNIQUE INDEX "django_content_type_app_label_model_76bd3d3b_uniq" ON "django_content_type" ("app_label", "model");
CREATE INDEX IF NOT EXISTS "django_session_expire_date_a5c62663" ON "django_session" ("expire_date");
CREATE INDEX IF NOT EXISTS "django_apscheduler_djangojob_next_run_time_2f022619" ON "django_apscheduler_djangojob" ("next_run_time");
CREATE INDEX IF NOT EXISTS "django_apscheduler_djangojobexecution_run_time_16edd96b" ON "django_apscheduler_djangojobexecution" ("run_time");
CREATE INDEX IF NOT EXISTS "django_apscheduler_djangojobexecution_job_id_daf5090a" ON "django_apscheduler_djangojobexecution" ("job_id");
CREATE TABLE IF NOT EXISTS "django_admin_log" ("id" integer NOT NULL PRIMARY KEY AUTOINCREMENT, "object_id" text NULL, "object_repr" varchar(200) NOT NULL, "action_flag" smallint unsigned NOT NULL CHECK ("action_flag" >= 0), "change_message" text NOT NULL, "content_type_id" integer NULL REFERENCES "django_content_type" ("id") DEFERRABLE INITIALLY DEFERRED, "user_id" bigint NOT NULL REFERENCES "Users_user" ("id") DEFERRABLE INITIALLY DEFERRED, "action_time" datetime NOT NULL);
CREATE UNIQUE INDEX "Users_user_groups_user_id_group_id_21477a3e_uniq" ON "Users_user_groups" ("user_id", "group_id");
CREATE INDEX IF NOT EXISTS "Users_user_groups_user_id_e0963e48" ON "Users_user_groups" ("user_id");
CREATE INDEX IF NOT EXISTS "Users_user_groups_group_id_884146f8" ON "Users_user_groups" ("group_id");
CREATE UNIQUE INDEX "Users_user_user_permissions_user_id_permission_id_87c10865_uniq" ON "Users_user_user_permissions" ("user_id", "permission_id");
CREATE INDEX IF NOT EXISTS "Users_user_user_permissions_user_id_ffe2deb0" ON "Users_user_user_permissions" ("user_id");
CREATE INDEX IF NOT EXISTS "Users_user_user_permissions_permission_id_cfe39496" ON "Users_user_user_permissions" ("permission_id");
CREATE UNIQUE INDEX "auth_group_permissions_group_id_permission_id_0cd325b0_uniq" ON "auth_group_permissions" ("group_id", "permission_id");
CREATE INDEX IF NOT EXISTS "auth_group_permissions_group_id_b120cbf9" ON "auth_group_permissions" ("group_id");
CREATE INDEX IF NOT EXISTS "auth_group_permissions_permission_id_84c5c92e" ON "auth_group_permissions" ("permission_id");
CREATE UNIQUE INDEX "auth_permission_content_type_id_codename_01ab375a_uniq" ON "auth_permission" ("content_type_id", "codename");
CREATE INDEX IF NOT EXISTS "auth_permission_content_type_id_2f476e4b" ON "auth_permission" ("content_type_id");
CREATE INDEX IF NOT EXISTS "django_admin_log_content_type_id_c4bce8eb" ON "django_admin_log" ("content_type_id");
CREATE INDEX IF NOT EXISTS "django_admin_log_user_id_c564eba6" ON "django_admin_log" ("user_id");
CREATE UNIQUE INDEX "django_content_type_app_label_model_76bd3d3b_uniq" ON "django_content_type" ("app_label", "model");
CREATE INDEX IF NOT EXISTS "django_session_expire_date_a5c62663" ON "django_session" ("expire_date");
CREATE INDEX IF NOT EXISTS "django_apscheduler_djangojob_next_run_time_2f022619" ON "django_apscheduler_djangojob" ("next_run_time");
CREATE INDEX IF NOT EXISTS "django_apscheduler_djangojobexecution_run_time_16edd96b" ON "django_apscheduler_djangojobexecution" ("run_time");
CREATE INDEX IF NOT EXISTS "django_apscheduler_djangojobexecution_job_id_daf5090a" ON "django_apscheduler_djangojobexecution" ("job_id");
CREATE TABLE IF NOT EXISTS "django_apscheduler_djangojob" ("id" varchar(255) NOT NULL PRIMARY KEY, "next_run_time" datetime NULL, "job_state" BLOB NOT NULL);
INSERT INTO "django_apscheduler_djangojob" VALUES('weekly_backup','2023-05-14 22:43:13.530530',X'80059539020000000000007D94288C0776657273696F6E944B018C026964948C0D7765656B6C795F6261636B7570948C0466756E63948C234C6F67696E2E7363686564756C65722E7363686564756C65723A64625F6261636B7570948C0774726967676572948C1D61707363686564756C65722E74726967676572732E696E74657276616C948C0F496E74657276616C547269676765729493942981947D942868014B028C0874696D657A6F6E65948C1B7079747A5F6465707265636174696F6E5F7368696D2E5F696D706C948C09777261705F7A6F6E659493948C086275696C74696E73948C07676574617474729493948C087A6F6E65696E666F948C085A6F6E65496E666F9493948C095F756E7069636B6C6594869452948C0E416D65726963612F426F676F7461944B01869452946819869452948C0A73746172745F64617465948C086461746574696D65948C086461746574696D65949394430A07E7050E102B0D08186294681D869452948C08656E645F64617465944E8C08696E74657276616C94681F8C0974696D6564656C74619493944B004D100E4B00879452948C066A6974746572944E75628C086578656375746F72948C0764656661756C74948C046172677394298C066B7761726773947D948C046E616D65948C0964625F6261636B7570948C126D6973666972655F67726163655F74696D65944B018C08636F616C6573636594888C0D6D61785F696E7374616E636573944B018C0D6E6578745F72756E5F74696D65946821430A07E7050E112B0D08186294681D86945294752E');
CREATE UNIQUE INDEX "Users_user_groups_user_id_group_id_21477a3e_uniq" ON "Users_user_groups" ("user_id", "group_id");
CREATE INDEX IF NOT EXISTS "Users_user_groups_user_id_e0963e48" ON "Users_user_groups" ("user_id");
CREATE INDEX IF NOT EXISTS "Users_user_groups_group_id_884146f8" ON "Users_user_groups" ("group_id");
CREATE UNIQUE INDEX "Users_user_user_permissions_user_id_permission_id_87c10865_uniq" ON "Users_user_user_permissions" ("user_id", "permission_id");
CREATE INDEX IF NOT EXISTS "Users_user_user_permissions_user_id_ffe2deb0" ON "Users_user_user_permissions" ("user_id");
CREATE INDEX IF NOT EXISTS "Users_user_user_permissions_permission_id_cfe39496" ON "Users_user_user_permissions" ("permission_id");
CREATE UNIQUE INDEX "auth_group_permissions_group_id_permission_id_0cd325b0_uniq" ON "auth_group_permissions" ("group_id", "permission_id");
CREATE INDEX IF NOT EXISTS "auth_group_permissions_group_id_b120cbf9" ON "auth_group_permissions" ("group_id");
CREATE INDEX IF NOT EXISTS "auth_group_permissions_permission_id_84c5c92e" ON "auth_group_permissions" ("permission_id");
CREATE UNIQUE INDEX "auth_permission_content_type_id_codename_01ab375a_uniq" ON "auth_permission" ("content_type_id", "codename");
CREATE INDEX IF NOT EXISTS "auth_permission_content_type_id_2f476e4b" ON "auth_permission" ("content_type_id");
CREATE INDEX IF NOT EXISTS "django_admin_log_content_type_id_c4bce8eb" ON "django_admin_log" ("content_type_id");
CREATE INDEX IF NOT EXISTS "django_admin_log_user_id_c564eba6" ON "django_admin_log" ("user_id");
CREATE UNIQUE INDEX "django_content_type_app_label_model_76bd3d3b_uniq" ON "django_content_type" ("app_label", "model");
CREATE INDEX IF NOT EXISTS "django_session_expire_date_a5c62663" ON "django_session" ("expire_date");
CREATE INDEX IF NOT EXISTS "django_apscheduler_djangojob_next_run_time_2f022619" ON "django_apscheduler_djangojob" ("next_run_time");
CREATE INDEX IF NOT EXISTS "django_apscheduler_djangojobexecution_run_time_16edd96b" ON "django_apscheduler_djangojobexecution" ("run_time");
CREATE INDEX IF NOT EXISTS "django_apscheduler_djangojobexecution_job_id_daf5090a" ON "django_apscheduler_djangojobexecution" ("job_id");
CREATE TABLE IF NOT EXISTS "django_apscheduler_djangojobexecution" ("id" integer NOT NULL PRIMARY KEY AUTOINCREMENT, "status" varchar(50) NOT NULL, "run_time" datetime NOT NULL, "duration" decimal NULL, "finished" decimal NULL, "exception" varchar(1000) NULL, "traceback" text NULL, "job_id" varchar(255) NOT NULL REFERENCES "django_apscheduler_djangojob" ("id") DEFERRABLE INITIALLY DEFERRED, CONSTRAINT "unique_job_executions" UNIQUE ("job_id", "run_time"));
INSERT INTO "django_apscheduler_djangojobexecution" VALUES(1,'Missed!','2023-05-14 15:50:23.413349',1.73,1684079425.14,'Run time of job ''weekly_backup'' was missed!',NULL,'weekly_backup');
INSERT INTO "django_apscheduler_djangojobexecution" VALUES(2,'Executed','2023-05-14 18:27:08.276962',0.6,1684088828.88,NULL,NULL,'weekly_backup');
INSERT INTO "django_apscheduler_djangojobexecution" VALUES(3,'Started execution','2023-05-14 21:43:13.530530',NULL,NULL,NULL,NULL,'weekly_backup');
CREATE UNIQUE INDEX "Users_user_groups_user_id_group_id_21477a3e_uniq" ON "Users_user_groups" ("user_id", "group_id");
CREATE INDEX IF NOT EXISTS "Users_user_groups_user_id_e0963e48" ON "Users_user_groups" ("user_id");
CREATE INDEX IF NOT EXISTS "Users_user_groups_group_id_884146f8" ON "Users_user_groups" ("group_id");
CREATE UNIQUE INDEX "Users_user_user_permissions_user_id_permission_id_87c10865_uniq" ON "Users_user_user_permissions" ("user_id", "permission_id");
CREATE INDEX IF NOT EXISTS "Users_user_user_permissions_user_id_ffe2deb0" ON "Users_user_user_permissions" ("user_id");
CREATE INDEX IF NOT EXISTS "Users_user_user_permissions_permission_id_cfe39496" ON "Users_user_user_permissions" ("permission_id");
CREATE UNIQUE INDEX "auth_group_permissions_group_id_permission_id_0cd325b0_uniq" ON "auth_group_permissions" ("group_id", "permission_id");
CREATE INDEX IF NOT EXISTS "auth_group_permissions_group_id_b120cbf9" ON "auth_group_permissions" ("group_id");
CREATE INDEX IF NOT EXISTS "auth_group_permissions_permission_id_84c5c92e" ON "auth_group_permissions" ("permission_id");
CREATE UNIQUE INDEX "auth_permission_content_type_id_codename_01ab375a_uniq" ON "auth_permission" ("content_type_id", "codename");
CREATE INDEX IF NOT EXISTS "auth_permission_content_type_id_2f476e4b" ON "auth_permission" ("content_type_id");
CREATE INDEX IF NOT EXISTS "django_admin_log_content_type_id_c4bce8eb" ON "django_admin_log" ("content_type_id");
CREATE INDEX IF NOT EXISTS "django_admin_log_user_id_c564eba6" ON "django_admin_log" ("user_id");
CREATE UNIQUE INDEX "django_content_type_app_label_model_76bd3d3b_uniq" ON "django_content_type" ("app_label", "model");
CREATE INDEX IF NOT EXISTS "django_session_expire_date_a5c62663" ON "django_session" ("expire_date");
CREATE INDEX IF NOT EXISTS "django_apscheduler_djangojob_next_run_time_2f022619" ON "django_apscheduler_djangojob" ("next_run_time");
CREATE INDEX IF NOT EXISTS "django_apscheduler_djangojobexecution_run_time_16edd96b" ON "django_apscheduler_djangojobexecution" ("run_time");
CREATE INDEX IF NOT EXISTS "django_apscheduler_djangojobexecution_job_id_daf5090a" ON "django_apscheduler_djangojobexecution" ("job_id");
CREATE TABLE IF NOT EXISTS "django_content_type" ("id" integer NOT NULL PRIMARY KEY AUTOINCREMENT, "app_label" varchar(100) NOT NULL, "model" varchar(100) NOT NULL);
INSERT INTO "django_content_type" VALUES(1,'admin','logentry');
INSERT INTO "django_content_type" VALUES(2,'auth','permission');
INSERT INTO "django_content_type" VALUES(3,'auth','group');
INSERT INTO "django_content_type" VALUES(4,'contenttypes','contenttype');
INSERT INTO "django_content_type" VALUES(5,'sessions','session');
INSERT INTO "django_content_type" VALUES(6,'Core','historiaclinica');
INSERT INTO "django_content_type" VALUES(7,'Users','user');
INSERT INTO "django_content_type" VALUES(8,'django_apscheduler','djangojob');
INSERT INTO "django_content_type" VALUES(9,'django_apscheduler','djangojobexecution');
CREATE UNIQUE INDEX "Users_user_groups_user_id_group_id_21477a3e_uniq" ON "Users_user_groups" ("user_id", "group_id");
CREATE INDEX IF NOT EXISTS "Users_user_groups_user_id_e0963e48" ON "Users_user_groups" ("user_id");
CREATE INDEX IF NOT EXISTS "Users_user_groups_group_id_884146f8" ON "Users_user_groups" ("group_id");
CREATE UNIQUE INDEX "Users_user_user_permissions_user_id_permission_id_87c10865_uniq" ON "Users_user_user_permissions" ("user_id", "permission_id");
CREATE INDEX IF NOT EXISTS "Users_user_user_permissions_user_id_ffe2deb0" ON "Users_user_user_permissions" ("user_id");
CREATE INDEX IF NOT EXISTS "Users_user_user_permissions_permission_id_cfe39496" ON "Users_user_user_permissions" ("permission_id");
CREATE UNIQUE INDEX "auth_group_permissions_group_id_permission_id_0cd325b0_uniq" ON "auth_group_permissions" ("group_id", "permission_id");
CREATE INDEX IF NOT EXISTS "auth_group_permissions_group_id_b120cbf9" ON "auth_group_permissions" ("group_id");
CREATE INDEX IF NOT EXISTS "auth_group_permissions_permission_id_84c5c92e" ON "auth_group_permissions" ("permission_id");
CREATE UNIQUE INDEX "auth_permission_content_type_id_codename_01ab375a_uniq" ON "auth_permission" ("content_type_id", "codename");
CREATE INDEX IF NOT EXISTS "auth_permission_content_type_id_2f476e4b" ON "auth_permission" ("content_type_id");
CREATE INDEX IF NOT EXISTS "django_admin_log_content_type_id_c4bce8eb" ON "django_admin_log" ("content_type_id");
CREATE INDEX IF NOT EXISTS "django_admin_log_user_id_c564eba6" ON "django_admin_log" ("user_id");
CREATE UNIQUE INDEX "django_content_type_app_label_model_76bd3d3b_uniq" ON "django_content_type" ("app_label", "model");
CREATE INDEX IF NOT EXISTS "django_session_expire_date_a5c62663" ON "django_session" ("expire_date");
CREATE INDEX IF NOT EXISTS "django_apscheduler_djangojob_next_run_time_2f022619" ON "django_apscheduler_djangojob" ("next_run_time");
CREATE INDEX IF NOT EXISTS "django_apscheduler_djangojobexecution_run_time_16edd96b" ON "django_apscheduler_djangojobexecution" ("run_time");
CREATE INDEX IF NOT EXISTS "django_apscheduler_djangojobexecution_job_id_daf5090a" ON "django_apscheduler_djangojobexecution" ("job_id");
CREATE TABLE IF NOT EXISTS "django_migrations" ("id" integer NOT NULL PRIMARY KEY AUTOINCREMENT, "app" varchar(255) NOT NULL, "name" varchar(255) NOT NULL, "applied" datetime NOT NULL);
INSERT INTO "django_migrations" VALUES(1,'contenttypes','0001_initial','2023-03-29 22:21:55.616297');
INSERT INTO "django_migrations" VALUES(2,'contenttypes','0002_remove_content_type_name','2023-03-29 22:21:55.625708');
INSERT INTO "django_migrations" VALUES(3,'auth','0001_initial','2023-03-29 22:21:55.641506');
INSERT INTO "django_migrations" VALUES(4,'auth','0002_alter_permission_name_max_length','2023-03-29 22:21:55.651306');
INSERT INTO "django_migrations" VALUES(5,'auth','0003_alter_user_email_max_length','2023-03-29 22:21:55.658307');
INSERT INTO "django_migrations" VALUES(6,'auth','0004_alter_user_username_opts','2023-03-29 22:21:55.665981');
INSERT INTO "django_migrations" VALUES(7,'auth','0005_alter_user_last_login_null','2023-03-29 22:21:55.674294');
INSERT INTO "django_migrations" VALUES(8,'auth','0006_require_contenttypes_0002','2023-03-29 22:21:55.680130');
INSERT INTO "django_migrations" VALUES(9,'auth','0007_alter_validators_add_error_messages','2023-03-29 22:21:55.688290');
INSERT INTO "django_migrations" VALUES(10,'auth','0008_alter_user_username_max_length','2023-03-29 22:21:55.695415');
INSERT INTO "django_migrations" VALUES(11,'auth','0009_alter_user_last_name_max_length','2023-03-29 22:21:55.703296');
INSERT INTO "django_migrations" VALUES(12,'auth','0010_alter_group_name_max_length','2023-03-29 22:21:55.712298');
INSERT INTO "django_migrations" VALUES(13,'auth','0011_update_proxy_permissions','2023-03-29 22:21:55.720110');
INSERT INTO "django_migrations" VALUES(14,'auth','0012_alter_user_first_name_max_length','2023-03-29 22:21:55.727146');
INSERT INTO "django_migrations" VALUES(15,'Users','0001_initial','2023-03-29 22:21:55.744150');
INSERT INTO "django_migrations" VALUES(16,'Users','0002_alter_user_cedula','2023-03-29 22:21:55.754218');
INSERT INTO "django_migrations" VALUES(17,'Users','0003_alter_user_cedula','2023-03-29 22:21:55.764155');
INSERT INTO "django_migrations" VALUES(18,'Users','0004_alter_user_cedula','2023-03-29 22:21:55.772683');
INSERT INTO "django_migrations" VALUES(19,'admin','0001_initial','2023-03-29 22:21:55.787161');
INSERT INTO "django_migrations" VALUES(20,'admin','0002_logentry_remove_auto_add','2023-03-29 22:21:55.798568');
INSERT INTO "django_migrations" VALUES(21,'admin','0003_logentry_add_action_flag_choices','2023-03-29 22:21:55.808790');
INSERT INTO "django_migrations" VALUES(22,'sessions','0001_initial','2023-03-29 22:21:55.823794');
INSERT INTO "django_migrations" VALUES(23,'Core','0001_initial','2023-03-29 22:24:29.150201');
INSERT INTO "django_migrations" VALUES(24,'Users','0005_remove_user_rol_user_is_especialista','2023-04-04 17:36:39.224989');
INSERT INTO "django_migrations" VALUES(25,'Core','0002_alter_historiaclinica_id_and_more','2023-04-05 17:55:28.915833');
INSERT INTO "django_migrations" VALUES(26,'Users','0006_alter_user_is_especialista','2023-04-05 17:55:28.927816');
INSERT INTO "django_migrations" VALUES(27,'Core','0003_remove_historiaclinica_cedula','2023-04-05 19:15:37.881248');
INSERT INTO "django_migrations" VALUES(28,'Users','0007_alter_user_cedula','2023-04-25 22:35:57.635348');
INSERT INTO "django_migrations" VALUES(29,'Core','0004_remove_historiaclinica_id_and_more','2023-04-25 22:49:40.086933');
INSERT INTO "django_migrations" VALUES(30,'django_apscheduler','0001_initial','2023-05-03 16:13:08.754669');
INSERT INTO "django_migrations" VALUES(31,'django_apscheduler','0002_auto_20180412_0758','2023-05-03 16:13:08.765477');
INSERT INTO "django_migrations" VALUES(32,'django_apscheduler','0003_auto_20200716_1632','2023-05-03 16:13:08.779724');
INSERT INTO "django_migrations" VALUES(33,'django_apscheduler','0004_auto_20200717_1043','2023-05-03 16:13:08.792277');
INSERT INTO "django_migrations" VALUES(34,'django_apscheduler','0005_migrate_name_to_id','2023-05-03 16:13:08.806893');
INSERT INTO "django_migrations" VALUES(35,'django_apscheduler','0006_remove_djangojob_name','2023-05-03 16:13:08.815653');
INSERT INTO "django_migrations" VALUES(36,'django_apscheduler','0007_auto_20200717_1404','2023-05-03 16:13:08.825898');
INSERT INTO "django_migrations" VALUES(37,'django_apscheduler','0008_remove_djangojobexecution_started','2023-05-03 16:13:08.833901');
INSERT INTO "django_migrations" VALUES(38,'django_apscheduler','0009_djangojobexecution_unique_job_executions','2023-05-03 16:13:08.843563');
INSERT INTO "django_migrations" VALUES(39,'Core','0005_alter_historiaclinica_antecedentes_and_more','2023-05-04 22:21:10.630850');
INSERT INTO "django_migrations" VALUES(40,'Users','0008_user_picture_alter_user_first_name_and_more','2023-05-04 22:21:10.650854');
INSERT INTO "django_migrations" VALUES(41,'auth','0013_alter_user_first_name','2023-05-04 22:21:10.660585');
INSERT INTO "django_migrations" VALUES(42,'Users','0009_alter_user_picture','2023-05-04 22:31:06.489823');
INSERT INTO "django_migrations" VALUES(43,'Users','0010_alter_user_picture','2023-05-05 14:59:13.679886');
INSERT INTO "django_migrations" VALUES(44,'Core','0006_historiaclinica_date_joined','2023-05-06 18:28:40.828371');
INSERT INTO "django_migrations" VALUES(45,'Core','0007_rename_date_joined_historiaclinica_fecha_registro','2023-05-06 18:31:07.693831');
INSERT INTO "django_migrations" VALUES(46,'Core','0008_alter_historiaclinica_diagnostico','2023-05-11 14:27:22.243955');
INSERT INTO "django_migrations" VALUES(47,'Users','0011_alter_user_cedula_alter_user_email_and_more','2023-05-11 14:27:22.263960');
INSERT INTO "django_migrations" VALUES(48,'auth','0014_alter_user_email_alter_user_first_name_and_more','2023-05-11 14:27:22.278964');
CREATE UNIQUE INDEX "Users_user_groups_user_id_group_id_21477a3e_uniq" ON "Users_user_groups" ("user_id", "group_id");
CREATE INDEX IF NOT EXISTS "Users_user_groups_user_id_e0963e48" ON "Users_user_groups" ("user_id");
CREATE INDEX IF NOT EXISTS "Users_user_groups_group_id_884146f8" ON "Users_user_groups" ("group_id");
CREATE UNIQUE INDEX "Users_user_user_permissions_user_id_permission_id_87c10865_uniq" ON "Users_user_user_permissions" ("user_id", "permission_id");
CREATE INDEX IF NOT EXISTS "Users_user_user_permissions_user_id_ffe2deb0" ON "Users_user_user_permissions" ("user_id");
CREATE INDEX IF NOT EXISTS "Users_user_user_permissions_permission_id_cfe39496" ON "Users_user_user_permissions" ("permission_id");
CREATE UNIQUE INDEX "auth_group_permissions_group_id_permission_id_0cd325b0_uniq" ON "auth_group_permissions" ("group_id", "permission_id");
CREATE INDEX IF NOT EXISTS "auth_group_permissions_group_id_b120cbf9" ON "auth_group_permissions" ("group_id");
CREATE INDEX IF NOT EXISTS "auth_group_permissions_permission_id_84c5c92e" ON "auth_group_permissions" ("permission_id");
CREATE UNIQUE INDEX "auth_permission_content_type_id_codename_01ab375a_uniq" ON "auth_permission" ("content_type_id", "codename");
CREATE INDEX IF NOT EXISTS "auth_permission_content_type_id_2f476e4b" ON "auth_permission" ("content_type_id");
CREATE INDEX IF NOT EXISTS "django_admin_log_content_type_id_c4bce8eb" ON "django_admin_log" ("content_type_id");
CREATE INDEX IF NOT EXISTS "django_admin_log_user_id_c564eba6" ON "django_admin_log" ("user_id");
CREATE UNIQUE INDEX "django_content_type_app_label_model_76bd3d3b_uniq" ON "django_content_type" ("app_label", "model");
CREATE INDEX IF NOT EXISTS "django_session_expire_date_a5c62663" ON "django_session" ("expire_date");
CREATE INDEX IF NOT EXISTS "django_apscheduler_djangojob_next_run_time_2f022619" ON "django_apscheduler_djangojob" ("next_run_time");
CREATE INDEX IF NOT EXISTS "django_apscheduler_djangojobexecution_run_time_16edd96b" ON "django_apscheduler_djangojobexecution" ("run_time");
CREATE INDEX IF NOT EXISTS "django_apscheduler_djangojobexecution_job_id_daf5090a" ON "django_apscheduler_djangojobexecution" ("job_id");
CREATE TABLE IF NOT EXISTS "django_session" ("session_key" varchar(40) NOT NULL PRIMARY KEY, "session_data" text NOT NULL, "expire_date" datetime NOT NULL);
INSERT INTO "django_session" VALUES('v13kmn2taicbf8zggcny5mrfiwu42qmy','.eJxVjMsOwiAQRf-FtSEwMDxcuvcbCI-pVA0kpV0Z_12bdKHbe865LxbittawDVrCXNiZSXb63VLMD2o7KPfYbp3n3tZlTnxX-EEHv_ZCz8vh_h3UOOq3Fjo7aSwkLASEzk3CgElICBlTJjJKaxOjV8mBR6uVnIoC4Z0HZaGw9wfM4jbv:1pxFBG:wZXzWoUnO4D1wLym0SDEfNYz6-xINknpTGMorUNLPBs','2023-05-25 22:54:38.013769');
CREATE UNIQUE INDEX "Users_user_groups_user_id_group_id_21477a3e_uniq" ON "Users_user_groups" ("user_id", "group_id");
CREATE INDEX IF NOT EXISTS "Users_user_groups_user_id_e0963e48" ON "Users_user_groups" ("user_id");
CREATE INDEX IF NOT EXISTS "Users_user_groups_group_id_884146f8" ON "Users_user_groups" ("group_id");
CREATE UNIQUE INDEX "Users_user_user_permissions_user_id_permission_id_87c10865_uniq" ON "Users_user_user_permissions" ("user_id", "permission_id");
CREATE INDEX IF NOT EXISTS "Users_user_user_permissions_user_id_ffe2deb0" ON "Users_user_user_permissions" ("user_id");
CREATE INDEX IF NOT EXISTS "Users_user_user_permissions_permission_id_cfe39496" ON "Users_user_user_permissions" ("permission_id");
CREATE UNIQUE INDEX "auth_group_permissions_group_id_permission_id_0cd325b0_uniq" ON "auth_group_permissions" ("group_id", "permission_id");
CREATE INDEX IF NOT EXISTS "auth_group_permissions_group_id_b120cbf9" ON "auth_group_permissions" ("group_id");
CREATE INDEX IF NOT EXISTS "auth_group_permissions_permission_id_84c5c92e" ON "auth_group_permissions" ("permission_id");
CREATE UNIQUE INDEX "auth_permission_content_type_id_codename_01ab375a_uniq" ON "auth_permission" ("content_type_id", "codename");
CREATE INDEX IF NOT EXISTS "auth_permission_content_type_id_2f476e4b" ON "auth_permission" ("content_type_id");
CREATE INDEX IF NOT EXISTS "django_admin_log_content_type_id_c4bce8eb" ON "django_admin_log" ("content_type_id");
CREATE INDEX IF NOT EXISTS "django_admin_log_user_id_c564eba6" ON "django_admin_log" ("user_id");
CREATE UNIQUE INDEX "django_content_type_app_label_model_76bd3d3b_uniq" ON "django_content_type" ("app_label", "model");
CREATE INDEX IF NOT EXISTS "django_session_expire_date_a5c62663" ON "django_session" ("expire_date");
CREATE INDEX IF NOT EXISTS "django_apscheduler_djangojob_next_run_time_2f022619" ON "django_apscheduler_djangojob" ("next_run_time");
CREATE INDEX IF NOT EXISTS "django_apscheduler_djangojobexecution_run_time_16edd96b" ON "django_apscheduler_djangojobexecution" ("run_time");
CREATE INDEX IF NOT EXISTS "django_apscheduler_djangojobexecution_job_id_daf5090a" ON "django_apscheduler_djangojobexecution" ("job_id");
